﻿<?xml version="1.0" encoding="UTF-8"?>
<?xml-model href="http://www.tei-c.org/release/xml/tei/custom/schema/relaxng/tei_all.rng" type="application/xml" schematypens="http://relaxng.org/ns/structure/1.0"?>
<?xml-model href="http://www.tei-c.org/release/xml/tei/custom/schema/relaxng/tei_all.rng" type="application/xml"
	schematypens="http://purl.oclc.org/dsdl/schematron"?>
<TEI xmlns="http://www.tei-c.org/ns/1.0" xmlns:dc="https://purl.org/dc/elements/1.1/">

    <teiHeader>
        <fileDesc>
            <titleStmt>
                <!-- mandatory!  Titles, author and editor/s of the digital document -->
                <title xml:lang="bo">རྗེ་བཙུན་ཏཱ་ར་ནཱ་ཐའི་གསུང་འབུམ་</title>
                <title xml:lang="de">rje btsun tA ra nA tha'i gsung 'bum: SoSe 2022
                    Historiografische Berichte über bedeutende buddhistische Gelehrte (Dignāga
                    (c.480–c.540))</title>
                <author>
                    <name xml:lang="bo">ཏཱ་ར་ནཱ་ཐ་</name>
                </author>
                <respStmt>
                    <resp>Text input:</resp>
                    <name>Albert Brugnara</name>
                </respStmt>
                <respStmt>
                    <!-- Editing of the digital text (encoding, markup) -->
                    <resp>TEI Encoding and Markup:</resp>
                    <name>Übung "Erzählungen aus früheren Leben des Buddha" (2021WS), University of
                        Vienna</name>
                </respStmt>
            </titleStmt>
            <editionStmt>
                <edition>
                    <date>2021</date>
                </edition>
            </editionStmt>
            <publicationStmt>
                <distributor>Horst Lasic, Universität Wien, ISTB</distributor>
                <!-- <address>
               <addrLine>Print and Computing Services,</addrLine>
               <addrLine>Leh,</addrLine>
               <addrLine>UT Ladakh,</addrLine>
               <addrLine>IN</addrLine>
            </address>  -->
                <availability>
                    <p>This digital text is made available under a CC (Creative Commons) License
                        Attribution Share-Alike, 4.0.</p>
                </availability>
            </publicationStmt>
            <notesStmt>
                <note>Brief notes on the text are in a supplementary file.</note>
            </notesStmt>
            <sourceDesc>
                <biblStruct>
                    <monogr>
                        <editor>unknown</editor>
                        <title>boc kyi bcu phrag rig mdzod chen mo/_ dpal ldan sa skya pa'i gsung
                            rab_</title>
                        <imprint>
                            <pubPlace>Ladakh</pubPlace>
                            <publisher>Horst Lasic</publisher>
                            <date>1774</date>
                        </imprint>
                    </monogr>
                </biblStruct>
            </sourceDesc>
        </fileDesc>
        <encodingDesc>
            <editorialDecl>
                <p>Named entities of the text (i.e. persons, places, work titles, dates) are
                    annotated and linked to online resources including the Buddhist Digital Archives
                    (BUDA; https://library.bdrc.io//), the Sakya Research Centre (SRC;
                    https://sakyaresearch.org/) and the Resources for Kanjur &amp; Tanjur Studies
                    (rKTs; https://www.istb.univie.ac.at/kanjur). Non-canonical works are referred
                    to by its Tohoku catalogue number (i.e. A catalogue of the Tohoku University
                    collection of Tibetan works on Buddhism. Kanakura et al. (eds.). Sendai:
                    Seminary of Indology, Tohoku University, 1953). Dates of persons are given
                    according to the BUDA database.</p>
                <correction status="high" method="silent">
                    <!-- Status high: mittels Kollation; es gibt einen modernen Druck siehe Images -->
                    <p>The following errors in the edition have been corrected: <list>
                            <!-- Keine Korrektur in den ersten Pechas -->
                            <item>see next version</item>
                        </list>
                    </p>
                </correction>
                <quotation marks="all">
                    <p>All double quotation marks rendered with ", all single quotation marks with
                        apostrophe'</p>
                </quotation>
                <hyphenation eol="none">
                    <p>Hyphenated words that appear at the end of the line in this edition have been
                        reformed like sa as a subskript</p>
                </hyphenation>
                <interpretation>
                    <p>Persons are marked blue.</p>
                    <p>Dates are marked pink.</p>
                    <p>Places are marked orange.</p>
                    <p>Worktitle are marked green.</p>
                    <p>Italics are recorded Expression in original Language like for Sanskrit. </p>
                </interpretation>
            </editorialDecl>
        </encodingDesc>
        <profileDesc>
            <textClass>
                <keywords>
                    <term>Jatakas<note>Wiergeburtsgeschichten Buddha's</note></term>
                </keywords>
            </textClass>
            <creation>
                <date>1774</date>
            </creation>
            <langUsage>
                <language ident="de">Deutsch</language>
                <language ident="en">English</language>
                <language ident="wylie">Tibetan (Wylie)</language>
                <language ident="bo">Tibetan (Tibetan script)</language>
                <language ident="sa">Sanskrit</language>
            </langUsage>
        </profileDesc>
        <revisionDesc>
            <change when="2022-01-22" who="#MSM">finished proofreading</change>
            <change when="2022-06-30" who="#LB">finished proofreading</change>
            <change notBefore="2021-07-04" who="#AB">finished data entry at end of term</change>
            <change notAfter="2021-01-01" who="#AB">began data entry before New Year 2021</change>
            <change when="2022-11-05" who="#AB">tagging Person, Place, Date</change>
            <change when="2022-11-05" who="#AB">editoral declaration ergänzt</change>
        </revisionDesc>
    </teiHeader>
    <standOff>
        <listPerson>
            <person xml:id="vasubandhu" role="teacher">
                <persName xml:lang="bo">དབྱིག་གཉེན་</persName>
                <idno type="URI"
                    >https://library.bdrc.io/show/bdr:P6119?s=q%3D%2522%25E0%25BD%2591%25E0%25BD%2596%25E0%25BE%25B1%25E0%25BD%25B2%25E0%25BD%2582%25E0%25BC%258B%2522~1%26lg%3Dbo%26t%3DPerson%26n%3D1</idno>
                <idno>https://de.wikipedia.org/wiki/Vasubandhu</idno>
                <!--  CP:  das type finde ich nicht gut. das müsste man vesser normalisierne; mit rom und to kann man einen range definierne. -->
                <birth from="0300" to="0400"/>
                <birth type="4.Jhd_n.u.Z"/>
                <death type="4.Jhd_n.u.Z"/>
            </person>
            <!-- CP: zweimal xml:lang ; es ist dann nicht mehr klar was in welcher sprache ist DEN NAMEN SOLLTE JEDER UNTER DER TRANSLITERATION UND DEM TIBETISCHEN SCRIPT FINDEN wichtig ist allerdings nur die xml:id -->
            <person xml:lang="wylie" xml:id="zab-mo-i-phyogs">
                <persName xml:lang="bo">ཟབ་མོའི་ཕྱོགས་</persName>
                <!--CP: hier sind die type nid im element  ERLEDIGT -->
                <idno type="URI">https://></idno>
            </person>
            <person xml:id="shrIharsha" role="king">
                <persName xml:lang="bo">ཤྲཱི་ཧརྴ་</persName>
                <idno type="URI">https://</idno>
            </person>
            <person xml:id="guṇaprabha">
                <persName xml:lang="bo">ཡོན་ཏན་འོད་</persName>
                <idno type="URI">https://</idno>
            </person>
            <person xml:id="sthiramati">
                <persName xml:lang="bo">བློ་གྲོས་བརྟན་པ་</persName>
                <!-- idno in idno ist nicht gut; elemente und attribute passen nicht VERGESSEN ZU LÖSCHEN ERLEDIGT -->
                <idno type="URI">https://legacy.tbrc.org/#!rid=P4CZ16794</idno>
            </person>
            <person xml:id="vrikShatsandra">
                <persName xml:lang="bo">བྲྀཀྵ་ཙནྡྲ་</persName>
                <idno type="URI">https://</idno>
            </person>
            <person xml:id="vigamatsandra">
                <persName xml:lang="bo">བི་ག་མ་ཙནྡྲ་</persName>
                <idno type="URI">https://</idno>
            </person>
            <person xml:id="kamatsandra">
                <persName xml:lang="bo">ཀཱ་མ་ཙནྡྲ་</persName>
                <idno type="URI">https://</idno>
            </person>
            <person xml:id="mahAsammata">
                <persName xml:lang="bo">མང་པོས་བཀུར་བ་</persName>
                <idno type="URI">https://</idno>
            </person>
            <person xml:id="samgadAsa">
                <persName xml:lang="bo">དགེ་འདུན་འབངས་</persName>
                <idno type="URI">https://</idno>
            </person>
            <person xml:id="dharmadAsa">
                <persName xml:lang="bo">ཆོས་འབང་</persName>
                <idno type="URI">https://</idno>
            </person>
            <person xml:id="sangs_rgyas_bskyang">
                <persName xml:lang="bo">སངས་རྒྱས་བསྐྱང་</persName>
                <idno type="URI">https://</idno>
            </person>
            <person xml:id="darika">
                <persName xml:lang="bo">ད་རི་ཀ་པ་</persName>
                <idno type="URI">https://legacy.tbrc.org/#!rid=P4CZ15083</idno>
            </person>
            <person xml:id="dkon_mchog_gsum_gyi_abang">
                <persName xml:lang="bo">དཀོན་མཆོག་གསུམ་གྱི་འབང་</persName>
                <idno type="URI">https://legacy.tbrc.org/#!rid=P1943</idno>
            </person>
            <person xml:id="bhavya">
                <persName xml:lang="bo">ལེགས་ལྡན་</persName>
                <idno type="URI">https://legacy.tbrc.org/#!rid=P1701</idno>
            </person>
            <person xml:id="vimuktasena">
                <persName xml:lang="bo">གྲོལ་སྡེ་</persName>
                <idno type="URI">https://legacy.tbrc.org/#!rid=P4CZ15637</idno>
            </person>
            <person xml:id="dza-le-ru-he ">
                <persName xml:lang="bo">ཛ་ལེ་རུ་ཧེ་</persName>
                <idno type="URI">https://legacy.tbrc.org/#!rid=P4CZ15637</idno>
            </person>
            <person xml:id="nAgakesha">
                <persName xml:lang="bo">ནཱ་གེ་ཤ་</persName>
                <idno type="URI">https://</idno>
            </person>
            <person xml:id="lo-yi-pa">
                <persName xml:lang="bo">ལོ་ཡི་པ་</persName>
                <idno type="URI">https://</idno>
            </person>
            <person xml:id="deM-gi-pa">
                <persName xml:lang="bo">ཌེཾ་གི་པ་</persName>
                <idno type="URI">https://</idno>
            </person>
            <person xml:id="badrapalita">
                <persName xml:lang="bo">བྷ་དྲ་པཱ་ལི་ཏ་</persName>
                <idno type="URI">https://</idno>
            </person>
            <person xml:id="tsihawa">
                <persName xml:lang="bo">ཙི་ཏཱ་ཝ་</persName>
                <idno type="URI">https://</idno>
            </person>
            <person xml:id="dignAga">
                <persName xml:lang="bo">ཕྱོགས་ཀྱི་གླང་པོ་</persName>
                <idno type="URI">https://legacy.tbrc.org/#!rid=P6035</idno>
            </person>
        </listPerson>
        <listPlace>
            <place xml:id="maru" type="village">
                <placeName>མ་རུ་</placeName>
                <idno type="URI">https://</idno>
            </place>
            <place xml:id="kache" type="region">
                <placeName xml:lang="bo">ཁ་ཆེ་</placeName>
                <idno type="URI">https://legacy.tbrc.org/#!rid=G2DB25458</idno>
            </place>
            <place xml:id="kache_i_yul" type="country">
                <placeName xml:lang="bo">ཁ་ཆེའི་ཡུལ་</placeName>
                <idno type="URI">https://</idno>
            </place>
            <place xml:id="otivisha" type="village">
                <placeName xml:lang="bo">ཨོ་ཊི་བི་ཤ་</placeName>
                <idno type="URI">https://</idno>
            </place>
            <place xml:id="Maulasthāna" type="village">
                <placeName xml:lang="bo">མཽ་ལ་ཏ་ན་</placeName>
                <idno type="URI">https://</idno>
            </place>
            <place xml:id="kho_rA_sa_na" type="village">
                <placeName xml:lang="bo">ཁོ་རཱ་ས་ཎ་</placeName>
                <idno type="URI">https://</idno>
            </place>
            <!-- CP: ist das ein Dorf in einem Dorf? weil zweimal village? SIND ZWEI UNTERSCHIEDLICHE ORTE ODER WÄRE ES HIER BESSER JEDEN PLACE MIT </PLACE> SEPARAT ABZUSCHLIESSEN? DANN WAR DAS EIN LOGISCHER FEHLER -->
            <place xml:id="ma_la_wa" type="village">
                <placeName xml:lang="bo">མ་ལ་ཝ་</placeName>
                <idno type="URI">https://</idno>
            </place>
            <place xml:id="me_wa" type="village">
                <placeName xml:lang="bo">མེ་ཝ་</placeName>
                <idno type="URI">https://</idno>
            </place>
            <place xml:id="pi_tu_wa" type="village">
                <placeName xml:lang="bo">པི་ཏུ་ཝ་</placeName>
                <idno type="URI">https://</idno>
            </place>
            <place xml:id="bcom_brlag" type="village">
                <placeName xml:lang="bo">བཅོམ་བརླག་</placeName>
                <idno type="URI">https://</idno>
            </place>
            <place xml:id="singga_bakta" type="village">
                <placeName xml:lang="bo">སིངྒ་བཀྟ་</placeName>
                <idno type="URI">https://</idno>
            </place>
        </listPlace>
    </standOff>
    <text>
        <body>
            <div>
                <pb ed="A" n="65a" facs="../content/images/dignaga/taranatha_dignaga_Page_593.jpg"/>
                <head>Beginn des Textes: Image 593, Page 65a: 5. Zeile Mitte</head>
                <p xml:lang="bo">
                    <s xml:id="p65a01"> ཿ་སློབ་དཔོན་ཆེན་པོ་<persName xml:id="vasubandhu_01"
                            role="Mitbegründer der Yogacara Schule" type="BUDA" key="P6119"
                            >དབྱིག་གཉེན</persName>་<w type="suffix" subtype="attrsuff"
                            >གྱི་</w>སྐུ་ཚེ<w type="suffix" subtype="attrsuff">འི་</w>སྨད་ཙམ་<w
                            type="suffix" subtype="gensuff">གྱི་</w>དུས་<w type="suffix">ན</w>།
                            <persName xml:id="zab-mo" role="king" type="BUDA" key="???"
                            >རྒྱལ་པོ་ཟབ་མོའི་ཕྱོགས</persName>་འདས་པའི་འོག་<w type="suffix">ཏུ་</w>ནུབ་<lb/>ཕྱོགས་<placeName
                            type="BUDA" key="???">མ་རུ</placeName><w type="suffix">འི</w>་ཡུལ་<w type="suffix">དུ</w>་སྐྱེས་པ་<persName
                            xml:id="shriharsa" ref="shriharsa" role="king" type="BUDA" key="???"
                            >རྒྱལ་བོ་ཤྲཱི་ཧརྴ</persName>་<w type="partikel"
                            subtype="partikel_sprecher">ཞེས་</w><w pos="VMPP" type="VG6"
                            subtype="tmdV" msd="SF1.,2.3.4.">བྱ་བ་</w><w type="suffix">ལས་</w><w
                            type="suffix">ཀྱི་</w>སྟོབས་ ཤིན་<w type="suffix">ཏུ་</w>ཆེ་བ་བྱུང་<w
                            type="partikel" subtype="semifinalpartikel">སྟེ་</w></s>ནུབ་ཕྱོགས་<w
                        type="suffix" subtype="kassuff">ཀྱི་</w>རྒྱལ་ཁམས་ཐམས་ཅད་<w type="suffix">ལ</w>་དབང་བསྒྱུར།
                        ཕྱིས་སངས་རྒྱས་<w type="suffix">ཀྱི</w>་བསྟན་པ་<w type="sufix">ལ་</w><w type="suffix">དད</w>་པ་ཐོབ་<w type="partikel">སྟེ</w>་སློབ་དཔོན་<persName
                        xml:id="gunaprabha" role="teacher" type="BUDA" key="P1308"
                        >ཡོན་<lb/>ཏན་འོད</persName>་བླ་མར་བཀུར་བ་ཞིག་བྱུང།
                        དུས་<w type="suffix">དེ</w>་ཙམ་<w type="suffix">ན</w>་ཤར་ཕྱོགས་<w type="suffix">སུ</w>་རྒྱལ་བོ་<persName xml:id="vrikshatsandra"
                        role="king" type="BUDA" key="???"
                        >བྲྀཀྵ་ཙནྡྲ</persName>འི་བུ་བརྒྱུད་ལ་རྒྱལ་པོ་<persName role="king"
                        type="BUDA" key="???" xml:id="vigamatsandra_01">བི་ག་མ་ཙནྡྲ</persName>་<w type="partikel">དང</w>།
                        དེའི་བུ་<persName xml:id="kamatsandra_01" role="son" type="BUDA" key="???"
                        >ཀཱ་མ་ཙནྡྲ</persName>་གཉིས་ཀྱིས་རྒྱལ་སྲིད་སྐྱོང་བའི་དུས་<w type="suffix">ཏེ</w>། <w type="Nomen"
                        subtype="d.O.">རྒྱལ་པོ</w>་དེ་གཉིས་<lb/>
                </p>
                <p xml:lang="wylie">rgyal po</p>
                <p xml:lang="de"><s corresp="#p65a01">Als zur Zeit der zweiten Lebenshälfte des
                        großen Lehrers Vasubandhu (dbyig gnyen) der König zab mo'i phyogs gestorben
                        war und es wurde in der Westlichen Region in ma ru der sogenannte König (mit
                        dem Namen) Śriharṣa geboren, der große Aktivitätskraft hat und der über die
                        gesamten Königsreiche in westlicher Richtung herrschte. Später vertraute er
                        der Buddhalehre und er erlangte Vertrauen</s> und war einer der den Lehrer
                    Guṇaprabha als seinen Lehrer verehrte. Um dieselbe Zeit herrschte im Osten, aus
                    der Nachkommenschaft des Königs Vṛikshatshandra, der König Vigamatchandra und
                    dessen Sohn Kāmadshandra.</p>
                <p xml:lang="en">When at the time of the second half of the life of the great
                    teacher Vasubandhu (dbyig gnyen), the king zab mo'i phyogs had died.</p>
            </div>
            <div>
                <pb ed="A" n="65b" facs="../content/images/dignaga/taranatha_dignaga_Page_594.jpg"/>
                <p xml:lang="bo">དབང་ཐང་<w type="Konjunktion">དང</w>་ལོངས་སྤྱོད་<w
                        type="Fokuspartikel">ཀྱང་</w>ཆེ། <w type="Prädikat_substantiviert"
                        subtype="tmdV">སྦྱིན་པ་</w><w type="KasSuffix">ལ་</w>དག<w type="Suff">འ</w>།
                        རྒྱལ་སྲིད་ཆོས་ལུགས་བཞིན་<w type="Suffix">དུ་</w>སྐྱོང་བ་<w type="Auxillary"
                        >ཡིན་</w><w type="Konjunktion">ཀྱང་</w>དཀོན་མཆོག་གསུམ་<w type="Suffix"
                        >ལ་</w>སྐྱབས་<w type="Suffix">སུ་</w><w type="Negation">མ་</w>སོང་<w
                        type="Suffix" subtype="Semifinalpartikel">སྟེ</w>།
                    ཕྱི་ནང་གཉིས་ཀར་མཆོད་ཅིང་ཁྱད་པར་གཅེར་བུ་པ་རྣམས་<lb/>ལ་མོས་སོ། <placeName
                        type="BUDA" key="G2DB25458">ཁ་ཆེ</placeName>ར་དེ་ཙམ་ན་ཡང་རྒྱལ་པོ་<persName
                        type="BUDA" key="???">མང་པོས་བཀུར་བ</persName>་ཉིད་ཡོད་དོ་ཞེས་གྲགས་སོ༎
                        དེའི་ཚེ་ཤར་ཕྱོགས་སུ་སློབ་དཔོན་<persName type="BUDA" key="???"
                        >བློ་གྲོས་བརྟན་པ</persName>་དང། <persName type="BUDA" key="???"
                        >ཕྱོགས་ཀྱི་གླང་པོ</persName>ས་འགྲོ་དོན་མཛད། ནུབ་ཕྱོགས་<lb/>
                        སུ་འཕགས་པ་<persName type="BUDA" key="???"
                        >ཐོགས་མེད</persName>་ཀྱི་སློབ་མ་<persName type="BUDA" key="???"
                        >སངས་རྒྱས་འབངས</persName>་ཀྱི་སྐུ་ཚེའི་སྨད་ཀྱི་འགྲོ་དོན་དང། <persName
                        type="BUDA" key="???">ཡོན་ཏན་འོད</persName>་ཀྱི་འགྲོ་དོན་དར་བའི་དུས་སོ།
                        <placeName type="BUDA" key="???">ཁ་ཆེའི་ཡུལ</placeName>་དུ་བཙུན་པ་<persName
                        type="BUDA" key="P6119">དགེ་འདུན་འབངས</persName>་ཀྱིས་འགྲོ་བའི་དོན་<lb/>
                    ཆེར་མཛད། སློབ་དཔོན་<persName type="BUDA" key="P6119"
                    >ཆོས་འབང</persName>ས་ཡུལ་ཐམས་ཅད་དུ་གཤེགས་ཤིང་ཆོས་སྟོན་པ་ཞིག་བྱུང་ལ།
                        ལྷོ་ཕྱོགས་ཀྱི་རྒྱུད་དུ་སློབ་དཔོན་<persName type="BUDA" key="P4CZ1523"
                        >སངས་རྒྱས་བསྐྱང</persName>ས་བྱོན། <persName type="BUDA" key="???"
                        >ལེགས་ལྡན</persName>་དང། རྣམ་<lb/><persName type="BUDA" key="P0RK660"
                        >གྲོལ་སྡེ</persName>་གཉིས་ཀྱི་སྐུ་ཚེའི་སྟོད་ཀྱི་དུས་ཙམ་ཡིན། <placeName
                        type="BUDA" key="???">ཨོ་ཊི་བི་ཤ</placeName>འི་འི་ཡུལ་དུ་རྒྱལ་པོ་<persName
                        type="BUDA" key="???">ཛ་ལེ་རུ་ཧེའི་བུ་</persName><persName type="BUDA"
                        key="???">ནཱ་གེ་ཤ</persName>་དང། བློན་པོ་བྲམ་ཟེ་ནཱ་ག་ཀེ་ཤ་ཞེས་བྱ་བ་བྱུང་སྟེ།
                    ལོ་བདུན་ཙམ་རྒྱལ་སྲིད་བསྐྱངས་<lb/> པས་ཤིན་ཏུ་དབང་ཐང་ཆེ་ཞིང། <persName type="BUDA"
                        key="???">བི་ཁ་མ་ཙནྡྲ</persName>ས་ཀྱང་ཕྱག་བྱས། སློབ་དཔོན་<persName
                        type="BUDA" key="???">ལོ་ཡི་པ</persName>ས་བཏུལ་ཏེ་རྒྱལ་ སྲིད་སྤངས།
                        གྲུབ་པ་ཐོབ་པ་ནི་རྒྱལ་པོ་<persName type="BUDA" key="4CZ15083"
                        >ད་རི་ཀ</persName>་པ་དང། བློན་པོ་<persName type="BUDA" key="???"
                        >ཌེཾ་གི་པ</persName>འོ། ། སློབ་<lb/> དཔོན་<persName type="BUDA" key="???"
                        >དཀོན་མཆོག་གསུམ་གྱི་འབང</persName>ས་ཞེས་པའང་<persName type="BUDA" key="???"
                        >ལེགས་ལྡན</persName>་དང་དུས་མཉམ་པ་ཙམ་ཡིན་ཞིང། <placeName type="BUDA"
                        key="???">ཨོ་ཌི་བི་ཤ</placeName>ར་བྲམ་ཟེ་<persName type="BUDA" key="???"
                        >བྷ་དྲ་པཱ་ལི་ཏ</persName>་ཞེས་བྱ་བའི་ཀྱང་བསྟན་པ་ལ་བྱ་བ་ཆེར་བྱས་སོ།
                    །དེ་དག་ལས། །</p>
                <lb/>
                <p xml:lang="de">Beide Könige waren von großer Macht und von großem Reichtum und
                    hatten ihre Freude am Geben; allein obwohl sie ihre Herrschaft der Lehre gemäß
                    ausübten, nahmen sie dennoch nicht [ihre] Zuflucht zu den drei Kostbarkeiten,
                    sondern indem sie sowohl den Nichtbuddhisten und den Buddhisten Ehre erwiesen,
                    verehrten sie besonders die Nirgrantha's (die Nackten: Jainas). Auch zu dieser
                    Zeit war der König in Kaschmir Mahāsammatha, so ist es bekannt. Die Zeit in der
                    Sthiramati und Dignāga im Osten das Wohl der Lebewesen bewirkten, und
                    [einerseits] sang rgyas 'bangs, der ein Schüler von thog med war, in der zweiten
                    Lebenshälfte und [andererseits] yan tan 'od im Westen den Nutzen der Lebewesen
                    verbreiteten. In Kaschmir wirkte der Mönch Saṁghadāsa sehr zum Wohl der
                    Lebewesen, der Guru Dharmadhāsa aber war ein Lehrer des Dharma, der begab sich
                    in alle Regionen, und in den Süden aber ging der Lehrer Buddhapālita und dies
                    ist in etwa in der der ersten Hälfte der Lebenszeit von von den beiden Bhavja
                    und Vimuktasena In der Region von Odiviśa verweilte der Sohn des Königs
                    Dshaleruha, Nāgeśa, genannt und als Minister den Brahmanen namens Nāgakeśa . Er
                    übte die Herrschaft ungefähr sieben Jahre aus und wurde sehr mächtig (hatte
                    große Macht), sogar vigamatsandra verehrte ihn. Er wurde vom Lehrer Lo yi pa
                    bekehrt. Er gab die Herrschaft auf; was die Mahasidda betrifft wurden sie König
                    und DeMa gi Minister. Der Lehrer Triratnadasha existiert zur gleichen Zeit. In
                    Odiviśa der sogenannte Brahmane Bhadrapalita machte für die Lehre in hohem
                    Ausmaß Handlungen. Unter diesen:</p>
                <p xml:lang="en">Both kings were of great power and of great wealth, and they and
                    had their delight in giving; but though they exercised their dominion according
                    to the doctrine yet they did not take [their] refuge in the three precious
                    things, but in paying homage to both the non-Buddhists and the Buddhists, they
                    especially worshipped the Nirgrantha's (the naked: Jainas).</p>
            </div>
            <div>
                <pb ed="A" n="66a" facs="../content/images/dignaga/taranatha_dignaga_Page_595.jpg"/>
                <p xml:lang="bo">རྒྱལ་པོ་ <!-- CP: key ??? -->
                    <persName type="BUDA" key="???"
                    >ཤྲཱི་ཧརྴ</persName>་འགྲན་ཟླ་མེད་པའི་རྒྱལ་པོར་གྱུར་པའི་ཚེ་ཀླ་ཀློའི་ཆོས་རྣམས་ནུབ་པར་འདོད་པས།
                        ཡུལ་<placeName type="BUDA" key="???"
                    >མཽ་ལ་ཏ་ན</placeName>་དང་ཉེ་བའི་ཡུལ་ཕྲན་ཞིག་ཏུ་མ་སི་ཏ་སྟེ་ཀླ་ཀློའི་དགོན་གནས་ཆེན་པོ་ཤིང་ཁང་འབའ་<lb/>ཞིག་ཡིན་པ་བརྩིགས་ནས་
                    ཀློའི་སྟོན་པ་མཐའ་དག་བོས། ཟླ་བ་མང་པོར་ཡོ་བྱད་ཐམས་ཅད་ཀྱིས་བསྟབས།
                    དེའི་རིང་ལུགས་ཀྱི་གླེགས་བམ་ཐམས་ཅད་ཀྱང་བསྡུས།
                    ཐམས་ཅད་མེ་ལ་བསྲེགས་པས་ཀླ་<lb/>ཀློའི་ གྲུབ་མཐའ་འཛིན་པ་སྟོང་ཕྲག་བཅུ་གཉིས་ཚིག་གོ
                        །དེ་སྐབས་ཡུལ་<placeName type="BUDA" key="???"
                    >ཁོ་རཱ་ས་ཎ</placeName>ར་ཀླ་ཀློའི་ ཆོས་ཤེས་པ་གཅིག་ཐགས་འཐག་ཅིང་ཡོད་དོ།
                    །དེ་ལས་རིམ་གྱིས་མཆེད་པ་ནི་ཕྱིས་ཀྱི་ཀླ་ཀློ་ཐམས་ཅད་ཡིན་ནོ༎<lb/>
                    རྒྱལ་པོ་དེས་དེ་ལྟར་བསྣུབས་པ་ལ་
                    བརྟེན་ཏེ་ལོ་བརྒྱར་ཉེ་བར་སྟག་གཟིག་སོག་པོའི་ཆོས་ལུགས་དེ་སྤྱོད་པ་ཤིན་ཏུ་ཉུང་ངོ། །
                        དེ་ནས་སྡིག་པ་སྦྱོང་བའི་དོན་དུ་<placeName type="BUDA" key="???"
                        >མ་རུ</placeName>་དང། <placeName type="BUDA" key="???">མ་ལ་ཝ</placeName>་དང།
                        <placeName type="BUDA" key="???">མེ་ཝ</placeName>་ར་དང། <placeName
                        type="BUDA" key="???">པི་ཏུ་ཝ</placeName>་<lb/>དང། <placeName type="BUDA"
                        key="???"
                    >ཙི་ཏཱ་ཝ</placeName>་ར་ཞེས་པའི་ཡུལ་རྣམས་སུ་གཙུག་ལག་ཁང་ཆེན་པོ་རེ་རེ་བཞེངས།
                    དགེ་སློང་སྟོང་ཕྲག་རེ་རེའི་འཚོ་བ་སྦྱར་ཞིང་ཆོས་ཤིན་ཏུ་དར་བར་བྱས་སོ། །
                        སློབ་དཔོན་ཆེན་པོ་<persName>ཡོན་ཏན་འོད</persName>་ནི།
                    ཡུལ་<lb/>བཅོམ་བརླག་ཏུ་བྲམ་ཟེའི་རིགས་སུ་སྐྱེས།
                    རིག་བྱེད་དང་བསྟན་བཅོས་མཐའ་དག་ལེགས་པར་བྱང་བ་ཕྱིས་དེ་ཉིད་ཀྱི་གཙུག་ལག་ཁང་ཞིག་ཏུ་རབ་ཏུ་བྱུང་ཞིང་བསྙེན་པར་
                    རྫོགས་ནས། སློབ་དཔོན་ཆེན་པོ་<persName type="BUDA" key="???"
                        >དབྱིག་<lb/>གཉེན</persName>་གྱི་ དྲུང་དུ་ཉན་ཐོས་ཀྱི་སྡེ་སྣོད་གསུམ་དང།
                    ཐེག་པ་ཆེན་པོའི་མདོ་སྡེ་དུ་མ་ལ་ཡང་མཁས་པར་སྦྱངས།
                    སྡེ་པ་ཐ་དད་པའི་འདུལ་བ་བསྟན་བཅོས་དང་བཅས་པ་མཐའ་དག་མཁས་པར་མཁྱེན། འདུལ་<lb/>
                </p>
                <p xml:lang="wylie">gyi drung nyan thos kyi sde </p>
                <p xml:lang="de">Unter diesen nun / von diesen nun: der König Śriharṣa. Als er zu
                    einem König der ohne ebenbürtigen Gegner war, geworden war und den Wunsch hatte,
                    dass die Mleschtscha (Barbaren)-Religionen untergehen möchten, errichtete er in
                    einem kleinen Lande unfern Maulasthāna eine Mosche, aus einem einzigen
                    Holzgebäude bestehendes grosses Mletschtschha-Kloster, rief alle
                    Barbaren-Lehrer, versorgte sie während vieler Monate hindurch mit allen Gütern;
                    auch sammelte er sämmtliche traditionellen Schriften, und nachdem er alle im
                    Feuer verbrannt hatte, an den Glaubenssätzen der Muslime festhaltend kamen
                    12,000 Anhänger der Mletschtschha-Systeme um. Zu der Zeit webte der einzige
                    Kenner der Mlecchalehren als Weber, von diesen aus verbreiteten sie sich nach
                    und nach kamen all die späteren Muslime. Weil der König [sie] dementsprechend /
                    in dieser Weise unterdrückte, war die Ausübung der Praxis der Persier und der
                    Mongolen nahezu 100 Jahre gering an der Zahl. Darauf errichtete er, um seine
                    Sünden zu sühnen, in Maru, Mālava, Mewar, Pituva und Tshitavara je ein goßes
                    Vihara, unterhielt in jedem derselben 1000 Mönche und verbreitete die Lehre
                    sehr. Der große Lehrer Guṇaprabha wurde in Mathura in einem Brahmanengeschlecht
                    geboren, er lernte die Veden und Shāstras auf das vorzüglichste, trat später
                    genau in das Kloster ein und nachdem er die Gelübde nahm und die Vollordination
                    bekam. Der große Lehrer Vasubandhu hörte den Dreikorb der Hörer, er wurde zu
                    einem Gelehrten in vielen Mahayana Sūtras sowie Kenntnisse (der Shāstras) der
                    ausgestattet ist, mit Kommentaren, und er erkannte auf Expertenweise all diese
                    Ordensdisziplinen aller Schulen gemeinsam mit den Lehrwerken.</p>
            </div>
            <div>
                <pb ed="A" n="66b" facs="../content/images/dignaga/taranatha_dignaga_Page_596.jpg"/>
                <p xml:lang="bo">བ་འབུམ་སྟེ་རྟག་ཏུ་ཐུགས་ལ་འདོན་པར་མཛད། ཡུལ་<placeName type="BUDA"
                        key="???">བཅོམ་བརླག</placeName>་གི་གཙུག་ལག་ཁང་ཨ་གྲ་པུ་རི་ཞེས་བྱ་བར་བཞུགས་ཏེ།
                    ལྷན་ཅིག་གནས་པ་དགེ་སློང་སྟོང་ཕྲག་ལྔ་རེ་ཡོད་ཅིང། ཐམས་ཅད་ཀྱང་
                    བསྡམ་བྱའི་<lb/>ཉེས་བྱས་ཕྲ་མོ་ཚུན་ཆོད་སོ་སོའི་ཕྱིར་བཅོས་ཀྱིས་འཕྲལ་འཕྲལ་དུ་བཅོས་
                    པས་ཚུལ་ཁྲིམས་རྣམ་པར་དག་པ་ནི་སྔོན་དགྲ་བཅོམ་པ་རྣམས་ཀྱིས་བསྟན་པ་སྐྱོང་བའི་དུས་བཞིན་ཡོད་ལ།
                    མདོ་སྡེ་འཛིན་པ་དང། མ་མོ་<lb/>འཛིན་པའང་མང་དུ་ ཡོད་ཅིང།
                    འདུལ་བ་འབུམ་སྡེ་ཐོན་པའང་ལྔ་བརྒྱ་ཙམ་མོ། །
                        ཚུལ་ཁྲིམས་རྣམ་པར་དག་པའི་སྟོབས་ཀྱིས་རྒྱལ་པོ་<persName type="BUDA" key="???"
                        >ཤྲཱིཧརྴ</persName>་འི་བློན་པོ་ <persName type="BUDA" key="???"
                        >མ་ཏངྒ་རཱ་ཛེ</persName>་ ཞེས་བྱ་བ་ལན་ཅིག་རྒྱལ་པོའི་ཆད་
                    པས་མིག་<lb/>ཕྱུང་བ་ཡང་སློབ་དཔོན་གྱི་སྨོན་ ལམ་གྱི་སྟོབས་ཀྱིས་སོར་ཆུད།
                    རྒྱལ་པོའི་བླ་མར་གྱུར་པས་ཉིན་རེ་
                    བཞིན་ཡོ་བྱད་དཔག་ཏུ་མེད་པའི་འདུ་བ་བྱུང་ཡང་དེ་མ་ཐག་ཐམས་ཅད་དགེ་བར་ བསྒྱུར་ཏེ།
                    རང་ཉིད་བྱངས་པའི་<lb/>ཡོན་ཏན་ལས་ཉམས་པ་མི་མངའ་འོ། ། སློབ་དཔོན་<persName
                        type="BUDA" key="???">བློ་གྲོས་བརྟན་པ</persName>་ནི།སློབ་དཔོན་<persName
                        type="BUDA" key="???"
                    >དབྱིག་གཉེན</persName>་འབུམ་སྡེ་དགུ་བཅུ་གོ་དགུར་གྲགས་པའི་གསུང་རབ་རྣམས་ཞལ་འདོན་མཛད་པའི་ཚེ།
                    གདུང་གི་ཕྲག་<lb/> ན་ཕུག་རོན་ཅང་ཤེས་པ་ཞིག་གནས་པ་ཤིན་ཏུ་གུས་པས་ཉན་ནོ། །
                        དེ་ཤི་ནས་ལྷོ་ཕྱོགས་<persName type="BUDA" key="???"
                    >དནྚ་ཀ</persName>་ར་ནྱ་ཞེས་བྱ་བར་ཚོང་དཔོན་གྱི་བུ་ཞིག་ཏུ་ སྐྱེས།
                    སྐྱེས་མ་ཐག་ཏུ་སློབ་དཔོན་ག་ན་བཞུགས་དྲིས་པ་ལ། སློབ་དཔོན་<lb/>སུ་ཡིན་དྲིས་པས།
                    དབྱིག་གཉེན་ཡིན་ཏེ་མ་ག་དྷཱ་ན་བཞུགས་ཟེར།
                    ཡུལ་དེའི་ཚོང་པ་ལ་དྲིས་པས་ཀྱང་བཞུགས་ཟེར་བས།
                        ལོ་བདུན་ལོན་པའི་དུས་ན་སློབ་དཔོན་<persName type="BUDA" key="???"
                        >དབྱིག་གཉེན</persName>་དྲུང་དུ་བསྐྱལ་ཏེ་རིག་པ་སློབ་ </p>
                <p xml:lang="de">Er rezitiert die hunderttausend Vinaja-Abschnitte beständig im
                    Geiste. Während er im Vihara Agrapurt in Mathurā verweilte. Es gab jeweils (in
                    jeder Saison) 5000 zusammen lebende Mönche. (Ferner) gab es dort eine
                    Sittenreinheit wie zu den Zeiten als die früheren Arhats die Lehre bewahrten,
                    und diese Sittenreinheit war dadurch gegeben, dass sie diese Sittenreinheit bis
                    zu den kleinsten Vergehen hin sofort durch die Wiedergutmachung die
                    Sittenreinheit wieder herstellten. Ferner gab es dort viele Sūtrataras und
                    Mathrikataras und die, die 100.000 Vinayastrophen rezietieren konnten, waren
                    ungefähr 500. Durch die Kraft der reinen Sittlichkeit geschah es, dass, als
                    Bestrafung des Königs dem Minister des Königs Śriharṣa Mātangarādsha einmal die
                    Augen ausgestochen werden sollten , wurde durch die Kraft des Gebets des Lehrers
                    die Augen wiederhergestellt. Als er der Guru des Königs geworden war,
                    verschaffte er ihm auch täglich eine Ansammlung Gegenstände, obwohl das so ist;
                    kurz darauf wurden alle in tugendhafte Werke umgewandelt. Besitzt er nicht einen
                    Verstoß der Qualitäten der Tugend. Was den Lehrer Stiramati betrifft: Einmal (Zu
                    der Zeit), als der Lehrer Vasubandhu das, als aus 99 Abtheilungen in 100,000
                    Versen bestehende Buddha-Wort bekannt, gelesen haben soll (gemacht haben soll),
                    hörte eine wissende (mit Verstand begabte) Taube, auf einem Balkenende sitzend,
                    mit Hochachtung (voll Andacht) zu. Als diese [Taube] umgekommen war, wurde sie
                    im Süden Daṇḍarakāṇja als Sohn eines Händler wiedergeboren. Sogleich nach der
                    Geburt fragte [er], wo der Lehrer verweile und [sein Vater] fragte wer der
                    Lehrer sei, sagte [er ihm], dass es Vasubandhu sei und dass er sich in Magadha
                    aufhalte (befinde). Die Kaufleute dieser Region, [von ihm] befragt, sagten, dass
                    er dort verweile. Als er sieben Jahre alt geworden war (als sieben Jahre
                    vergangen waren), wurde er zum Lehrer Vasubandhu gebracht,</p>
            </div>
            <div>
                <pb ed="A" n="67a " facs="../content/images/dignaga/taranatha_dignaga_Page_597.jpg"/>
                <p xml:lang="bo">ཅིང་ཡོད་པས་ཀྱང་དཀའ་བ་མེད་པར་ཤེས། དེའི་ཚེ་སྲན་མ་སྦར་གང་རྙེད་པ་
                        ཟའམ་སྙམ་ནས་<persName type="BUDA" key="???"
                    >སྒྲོལ་མ</persName>འི་ལྷ་ཁང་ཞིག་ན་ཡོད་པ་ལ།
                    འཕགས་མ་ལ་མ་ཕུལ་བར་བཟའ་མི་རུང་སྙམ་ནས་སྲན་མ་འགའ་ཞིག་<lb/> ཕུལ་བས་འགྲིལ་ནས་བྱུང།
                    འཕགས་མས་མ་གསོལ་བར་རང་ཟ་བ་མི་འོང་སྙམ་ནས། ཟད་ཟད་ཕུལ་ཡང་འགྲིལ་ཏེ་བྱུང་བ་ན།
                    བྱིས་པར་གྱུར་པས་ངུས་སོ། ། འཕགས་མས་ཞལ་མངོན་སུམ་དུ་བསྟན་ཏེ།
                    ཁྱོད་མ་<lb/>ངུ་ཞིག་ངས་བྱིན་གྱིས་རློབ་བོ་ཞེས་གསུངས། སྐད་ཅིག་དེ་ལ་བློ་གྲོས་མཐའ་ཡས་
                    པར་གྱུར་ཞིང། སྐུ་བརྙན་དེ་ལ་ཡང་<persName type="BUDA" key="???"
                        >མ་ཥ་ཏཱ་ར</persName>་ཞེས་གྲགས་སོ། ། ཕྱིས་<persName type="BUDA" key="???"
                        >གནས་བརྟན</persName>་སྡེ་སྣོད་གསུམ་འཛིན་པ་ཁྱད་པར་དུ་
                    ཐེག་པ་ཆེ་ཆུང་<lb/>གི་མངོན་པ་མཐའ་དག་ལ་མཁས་པ་འཕགས་པ་དཀོན་མཆོག་བརྩེགས་པ་ལ་ཞལ་འདོན་མཛད་པ།
                        བྱ་བ་ཐམས་ཅད་འཕགས་མ་<persName type="BUDA" key="???">སྒྲོལ་མ</persName>ས་ལུང་
                    སྟོན་པ་ཞིག་སྟེ།
                    དཀོན་མཆོག་བརྩེགས་པ་འདུས་པ་ཞེ་དགུ་དང་<lb/>འབུ་མ་རྩ་བ་ལ་འགྲེལ་པ་ཡང་མཛད།
                        སློབ་དཔོན་<persName type="BUDA" key="???"
                    >དབྱིག</persName>་གཉེན་སྐུ་འདས་ཙམ་ན།
                    མུ་སྟེགས་བེཥྟ་བཱ་ལ་ལ་སོགས་པ་རྒོལ་བ་མང་པོ་ཚར་བཅད་དེ་སྨྲ་བའི་དབང་ཕྱུག་ཏུ་གྲགས།
                        སློབ་དཔོན་<persName type="BUDA" key="???"
                    >དབྱིང་གཉེན</persName>་གྱིས་<lb/>མཛད་པའི་འགྲེལ་པ་ཕལ་ཆེར་འགྲེལ་བཤད་དང།
                    གཞུང་ལ་འགྲེལ་པ་ཡང་མང་དུ་མཛད་དོ། ། མངོན་པ་མཛོད་ལའང་འགྲེལ་པ་མཛད་ཟེར་ཏེ།
                    སློབ་དཔོན་འདི་ཉིད་ཡིན་མིན་མི་ཤེས་སོ།
                    །སློབ་དཔོན་སྔ་མ་རྣམས་<lb/>ཀྱི་དུས་སུ་བཙུགས་པའི་ཆོས་གཞི་རྣམས་དེ་ཙམ་ན་ཆེར་མེད་པས།སློབ་དཔོན་འདིས་
                    ཀྱང་ཆོས་གཞི་བརྒྱ་རྩ་བཙུགས་སོ་ཞེས་ཀྱང་གྲགས་སོ། ། སློབ་དཔོན་<persName type="BUDA"
                        key="???">ཕྱོགས་ཀྱི་གླང་པོ</persName>་ནི། ལྷོ་ཕྱོགས་གྲོང་ཁྱེར་<placeName
                        type="BUDA" key="???">སིངྒ་བཀྟ</placeName>་<lb/></p>
                <p xml:lang="de">[Er] lernte das Wissen und es ist nicht schwierig [es] zu wissen.
                    Als er zu der Zeit eine Handvoll Bohnen erhalten hatte und dachte, ob er sie
                    (die erhaltenen Bohnen) essen sollte, dachte er, dass es nicht angemessen wäre
                    dieselben zu essen, ohne zuvor, da es einen Tārā-Tempel gab, der ehrwürdigen
                    Göttin davon gegeben zu haben. Als er einige Bohnen geopfert hatte, rollten
                    diese herab; da meinte er, dass, wenn die Ehrwürdige dieselben nicht ässe, auch
                    er sie nicht essen dürfe. Als er Bohnen darbrachte (bis keine mehr da waren),
                    diese aber herabrollten, fing er, da er ein Kind war, an zu weinen. Da zeigte
                    ihm die Gottheit ihr Antlitz und sprach zu ihm : Weine nicht, ich werde dich
                    segnen. Aber diesbezüglich entstand (gyur) augenblicklich [in ihm] unendliche
                    Einsicht und das Bildnis selbst wurde bekannt unter dem Namen Māsha Tārā (d. h.
                    Bohnen-Tārā); Später wurde er Sthavira, Kenner des Tripitaka, war gelehrt im
                    ganzen Mahajana- und HinajAna-Abhidharma, konnte besonders das edle
                    Ratnakūta-Sūtra auswendig¸all diese Tätigkeiten war eine Prophezeihung der
                    ehrwürdigen Tārā. er verfasste auch einen Kommentar zu den 49 Ratnakūta-sūtren-
                    Abschnitten und zu dem Mūlamadhjamaka, Zur Zeit, als Vasnbandhu starb, besiegte
                    er viele Debattierer wie (la sogs pa) den Tirthika (Heretiker – Nichtbuddhist)
                    Veshtapāla, worauf er als Herrscher der Rede bekannt wurde. Zu den vom Lehrer
                    Vasubandhu verfassten Kommentaren verfasste er im großen Ausmaß Erklärungen und
                    auch Kommentare zu seinen Werken. Es wird gesagt, dass [er: Asanga)] Kommentare
                    wie das Abhidharmakosha (Schatzhaus des höheren Wissens) verfasst habe, ich
                    weiss nicht, ob dies derselbe Lehrer ist oder nicht (Er bezweifelt die
                    Urheberschaft von Stiramati). Da, die zur Zeit der früheren Lehrer gegründeten
                    Dharmazentren zu der Zeit nicht mehr zunahmen, hat dieser Lehrer hundert [neue]
                    gegründet.</p>
            </div>
        </body>
    </text>
</TEI>
