﻿<?xml version="1.0" encoding="UTF-8"?>
	<?xml-stylesheet type="text/xsl" href="teibp.xsl"?>
	<?xml-stylesheet type="text/xsl" href="custom.xsl"?>
<TEI  xmlns="http://www.tei-c.org/ns/1.0">
  <teiHeader>
    <fileDesc>
      <!-- mandatory!  bibliographic description of the digital file -->
      <titleStmt>
        <!-- mandatory!  Titles, author and editor/s of the digital document -->
        <title xml:lang="bo">དཔལ་མཉམ་མེད་རི་བོ་དགེ་ལྡན་པའི་ཆོས་འབྱུང་བཻཌཱུར་པོའི་མེ་ལོང་ལས།
          དགའ་ལྡན་གྱི་གདན་རབས་སྐོར།</title>
        <title xml:lang="de">sDe srid Sangs rgyas rgya mtsho's (1653–1705) Religionsgeschichte der
          Gandenpa: Abschnitt über die Abtfolge des Klosters Ganden</title>
        <author>
          <name xml:lang="bo">སྡེ་སྲིད་སངས་རྒྱས་རྒྱ་མཚོ། (༡༦༥༣-༡༧༠༥)</name>
        </author>
        <respStmt>
          <resp>Text input:</resp>
          <name>Albert Brugnara</name>
        </respStmt>
        <respStmt>
          <!-- Editing of the digital text (encoding, markup) -->
          <resp>TEI Encoding and Markup:</resp>
          <name>Exercise for the course "Einführung in digitale Methoden und Tools für die
            Tibetologie" (2021WS), University of Vienna</name>
        </respStmt>
       </titleStmt>

      <publicationStmt>
        <!-- mandatory!  information about the publication/distribution of the digital text -->
        <availability>
          <p>This digital text is made available under a CC (Creative Commons) License Attribution
            Share-Alike, 4.0.</p>
        </availability>
      </publicationStmt>

      <sourceDesc>
        <!-- mandatory!  bibliographic information about the source/s from which the digital text is derived or generated -->
        <listWit>
          <!-- list of consulted editions (manuscript/block print), editor, place and year of publication, extent-->
          <witness xml:id="A">
    <bibl>དཔལ་མཉམ་མེད་རི་བོ་དགའ་ལྡན་པའི་བསྟན་པ་ཞྭ་སེར་ཅོད་པན་འཆང་བའི་རིང་ལུགས་ཆོས་ཐམས་ཅད་ཀྱི་རྩ་བ་གསལ་བར་བྱེད་པ་བཻཌཱུརྱ་སེར་པོའི་མེ་ལོང་།
              Old Lhasa Zhol Block-print, National Library of Mongolia. BUDA: W1KG1610</bibl>
          </witness>
          <witness xml:id="B">
            <bibl>དཔལ་མཉམ་མེད་རི་བོ་དགེ་ལྡན་པའི་ཆོས་འབྱུང་བཻཌཱུར་སེར་པོའི་མེ་ལོང་། New Delhi:
              Ngawang Gelek Demo, 1980. 2 volumes. BUDA: W23957</bibl>
          </witness>
        </listWit>
      </sourceDesc>
    </fileDesc>

    <encodingDesc>
      <!-- optional! information of editorial principles -->
      <editorialDecl>
        <p>Named entities of the text (i.e. persons, places, work titles) are annotated and linked
          to online resources including the Buddhist Digital Archives (BUDA;
          https://library.bdrc.io/), the Sakya Research Centre (SRC; https://sakyaresearch.org/) and
          the Resources for Kanjur &amp; Tanjur Studies (rKTs;
          https://www.istb.univie.ac.at/kanjur). Non-canonical works are referred to by its Tohoku
          catalogue number (i.e. A catalogue of the Tohoku University collection of Tibetan works on
          Buddhism. Kanakura et al. (eds.). Sendai: Seminary of Indology, Tohoku University, 1953).
          Dates of persons are given according to the BUDA database.</p>
      </editorialDecl>
      <encodingDesc>
        <tagsDecl>
          <rendition xml:id="b" n="teibp:bold" scheme="css">font-weight:bold;</rendition>
          <rendition xml:id="i" n="teibp:italics" scheme="css">font-style:italic;</rendition>
          <rendition xml:id="du" n="teibp:underline" scheme="css">text-decoration:underline;
            text-decoration-style:dashed;</rendition>
          <rendition xml:id="blue" scheme="css">color:blue;</rendition>
          <rendition xml:id="green" scheme="css">color:green;</rendition>
          <rendition xml:id="orange" scheme="css">color:orange;</rendition>
          <rendition xml:id="pink" scheme="css">color:pink;</rendition>
          <namespace name="http://www.tei-c.org/ns/1.0">
            <tagUsage gi="date" render="#b"/>
            <tagUsage gi="term" render="#i"/>
            <tagUsage gi="unclear" render="#du"/>
            <tagUsage gi="persName" render="#blue"/>
            <tagUsage gi="placeName" render="#orange"/>
            <tagUsage gi="title" render="#green"/>
            <tagUsage gi="tdate" render="#pink"/>
          </namespace>
        </tagsDecl>
      </encodingDesc>
    </encodingDesc>

    <profileDesc>
      <!-- optional! -->
      <langUsage>
        <language ident="en">English</language>
        <language ident="wylie">Tibetan (Wylie)</language>
        <language ident="bo">Tibetan (Tibetan script)</language>
        <language ident="sa">Sanskrit</language>
      </langUsage>
    </profileDesc>

    <revisionDesc>
      <!-- optional! version history -->
      <change when="2019-03-11" who="#mf">witness added to TEI-header</change>
      <change when="2019-03-26" who="#mf">revision of first paragraph, completion of markup</change>
      <change when="2019-03-27" who="#mf">identification of persons in first paragraph, linking to
        BUDA</change>
      <change when="2019-04-10" who="#mf">tagging of persons, places and dates in first paragraph,
        pp. 119.6-120.3</change>
      <change when="2019-05-08" who="#mf">tagging of titles, linking places in the first two
        paragraphs</change>
    </revisionDesc>
  </teiHeader>

  <text>
    <body>
      <pb ed="A" n="62b " facs="../images/Ganden history/W1KG1610_62b.jpg"/> [...] <persName
        type="BUDA" key="P81"
        >ཁྲི་ཐོག་ལྔ་པ་ཆོས་<unclear>རྗེ་བློ་གྲོས་ཆོས་སྐྱོང</unclear></persName>་<unclear>ནི</unclear>་<placeName
        type="BUDA" key="G555"><unclear>གཡག་སྡེ</unclear></placeName><unclear>ར</unclear>་<date
        when="1389">ས་མོ་ས<unclear>སྦྲུལ་ལོར</unclear></date>་<unclear>འཁྲུངས</unclear>། <trans>
        [...] Was den fünften Ganden Tripa, Khri thog lnga pa Chos rje blo gros chos skyong
        betrifft. [Er] wurde im weiblichen Erd-Schlangen-Jahr in gTsang g.Yag sde geboren. </trans>
      <placeName type="BUDA" key="G2355"
        ><unclear>ཆོས་ལུང་ཚོགས་པ</unclear></placeName>་<unclear>ལ</unclear>་རབ་ཏུ་བྱུང་<unclear>ཞིང</unclear>་།
        <persName type="BUDA" key="P64"
        >འཇམ<unclear>་མགོན</unclear>་ཆོས<unclear>་ཀྱི་རྒྱལ</unclear>་པོ</persName>་དང་<persName
        type="BUDA" key="P65">རྒྱལ<unclear>་ཚབ་རིན་པོ་ཆེ</unclear></persName>་<persName type="BUDA"
        key="P55"
        ><unclear>མཁས་གྲུབ་རྗེ་</unclear></persName><unclear>སོགས་བསྟེན་ནས་མདོ་སྔགས་གཞུང་ལུགས་ལ་མཁས</unclear>་པར་<unclear>སྦྱངས་ཤིང</unclear>་།
        <unclear>ཁྱད</unclear>་པར<unclear>་དུ་དུས་འཁོར་ལ་མཁས</unclear>་པས<title><unclear>་དུས་འཁོར་ཊིཀ་ཆེན</unclear></title>་<unclear>་བརྩམས</unclear>
      <trans> Er nahm die Mönchsgelübde (rab tu byung ba, Skt: pravrajitaḥ, Mahāvyutpatti #8714,
        Ed.Sakaki (1916-25)) in Chos lung Tshogs pa. Sich auf 'Jam mgon Chos kyi rgyal po, rGyal
        tshab rin po che Dar ma Rin chen, mKhas grub rje dGe legs dpal bzang stützend, wurde er
        gelehrsam in der scholastischen Tradition von Sutras und Tantras. Aufgrund seiner
        Gelehrsamkeit bezüglich des Kalachakra, verfasste er den großen Kalachakra-Kommentar (dus
        'khor Tika). </trans>
      <unclear>དགུང་ལོ་རེ་གཉིས་པ</unclear><date when="1450"
          >་<unclear>རབ་བྱུང་བརྒྱད་པའི་ལྕགས་རྟ</unclear></date>་<unclear>ལ</unclear>་གསེར<unclear>་ཁྲིར་ཕེབས</unclear>།
        བྱང་<unclear>ཆུབ་སེམས་དཔའི་སྤྱོད་པ་རྣམ</unclear>་པར་དཡག་པས་ཆོས<unclear>་ཀྱི་འཁོར་ལོ་བསྐོར</unclear>།
        <unclear>མཆོད་ཁང་གསར་མ་བཞེངས</unclear>། <unclear>བུ་སློབ</unclear>་<persName type="BUDA"
        key="?"><unclear>གཙང་ཆུང་ཆོས</unclear>་གྲགས</persName>། <persName type="BUDA" key="P427"
          >འཕགས་པ<unclear>་ལྷ</unclear></persName>། <persName type="BUDA" key="P75"
          ><unclear>ནོར་བཟང</unclear></persName>་<unclear>གསུམ</unclear>་སོགས<unclear>་མཁས་གྲུབ་མང་དུ་བྱུང</unclear>་།
      [...] <trans> Im zweiundsechzigsten Jahr des achten Zyklus des Eisen-Pferde-Jahr bestieg er
        den goldenen Thron. Durch authentisches Bodhisattva-Verhalten drehte er das Rad der Lehre.
        Er baute einen neuen Tempel. Er brachte die drei Schüler: gTsang chung chos grags, 'Phags pa
        lha und Nor bzang usw. und viele realisierte Meister hervor. </trans>
    </body>
  </text>

</TEI>
