﻿<?xml version="1.0" encoding="UTF-8"?>
<!-- TEI Boilerplate -->
	<?xml-stylesheet type="text/xsl" href="teibp.xsl"?>
	<?xml-stylesheet type="text/xsl" href="custom.xsl"?>
<TEI xmlns="http://www.tei-c.org/ns/1.0">
  <teiHeader>
    <fileDesc>
      <!-- mandatory!  bibliographic description of the digital file -->
      <titleStmt>
        <!-- mandatory!  Titles, author and editor/s of the digital document -->
        <title xml:lang="bo">ལམ་རིམ། ས་པ་ཎ་ཀུན་དགའ་རྒྱལ་མཚན་སོགས་ཀྱིས་བརྩམས།
          དཔལ་ལྡན་ས་སྐྱ་པའི་གསུང་རབ་པོད་བཅུ་གཅིག་པ་ལམ་རིམ། </title>
        <title xml:lang="en">boc kyi bcu phrag rig mdzod chen mo/_ dpal ldan sa skya pa'i gsung
          rab_v 11 BUDA W2989<br/> religious life--Sa-skya-pa (Sect)--Early works to 1800-- history
          of King Shrisena</title>
        <author>
          <name xml:lang="bo">ཀུན་དགའ་རྒྱལ་མཚན</name>
        </author>
        <respStmt>
          <resp>Text input:</resp>
          <name>Albert Brugnara</name>
        </respStmt>
        <respStmt>
          <!-- Editing of the digital text (encoding, markup) -->
          <resp>TEI Encoding and Markup:</resp>
          <name>Übung "Erzählungen aus früheren Leben des Buddha" (2021WS), University of
            Vienna</name>
        </respStmt>
      </titleStmt>

      <publicationStmt>
        <!-- mandatory!  information about the publication/distribution of the digital text -->
        <availability>
          <p>This digital text is made available under a CC (Creative Commons) License Attribution
            Share-Alike, 4.0.</p>
        </availability>
      </publicationStmt>

      <sourceDesc>
        <!-- mandatory!  bibliographic information about the source/s from which the digital text is derived or generated -->
        <listWit>
          <!-- list of consulted editions (manuscript/block print), editor, place and year of publication, extent-->
          <witness xml:id="A">
            <bibl>...</bibl>
            <!-- དཔལ་མཉམ་མེད་རི་བོ་དགེ་ལྡན་པའི་ཆོས་འབྱུང་བཻཌཱུར་སེར་པོའི་མེ་ལོང་། New Delhi: Ngawang Gelek Demo, 1980. 2 volumes. BDRC: W23957-->
          </witness>
        </listWit>
      </sourceDesc>
    </fileDesc>

    <encodingDesc>
      <!-- optional! information of editorial principles -->
      <editorialDecl>
        <p>Named entities of the text (i.e. persons, places, work titles) are annotated and linked
          to online resources including the Buddhist Digital Archives (BUDA;
          https://library.bdrc.io/), the Sakya Research Centre (SRC; https://sakyaresearch.org/) and
          the Resources for Kanjur &amp; Tanjur Studies (rKTs;
          https://www.istb.univie.ac.at/kanjur). Non-canonical works are referred to by its Tohoku
          catalogue number (i.e. A catalogue of the Tohoku University collection of Tibetan works on
          Buddhism. Kanakura et al. (eds.). Sendai: Seminary of Indology, Tohoku University, 1953).
          Dates of persons are given according to the BUDA database.</p>
      </editorialDecl>
      <tagsDecl>
        <!-- optional! modify display of tags in TEI Boilerplate-->
        <rendition xml:id="b" n="teibp:bold" scheme="css">font-weight:bold;</rendition>
        <rendition xml:id="i" n="teibp:italics" scheme="css">font-style:italic;</rendition>
        <rendition xml:id="du" n="teibp:underline" scheme="css">text-decoration:underline;
          text-decoration-style:dashed;</rendition>
        <rendition xml:id="blue" scheme="css">color:blue;</rendition>
        <rendition xml:id="green" scheme="css">color:green;</rendition>
        <rendition xml:id="orange" scheme="css">color:orange;</rendition>
        <namespace name="http://www.tei-c.org/ns/1.0">
          <tagUsage gi="date" render="#b"/>
          <tagUsage gi="term" render="#i"/>
          <tagUsage gi="unclear" render="#du"/>
          <tagUsage gi="persName" render="#blue"/>
          <tagUsage gi="placeName" render="#orange"/>
          <tagUsage gi="title" render="#green"/>
        </namespace>
      </tagsDecl>
    </encodingDesc>

    <profileDesc>
      <!-- optional! -->
      <langUsage>
        <language ident="en">English</language>
        <language ident="wylie">Tibetan (Wylie)</language>
        <language ident="bo">Tibetan (Tibetan script)</language>
        <language ident="sa">Sanskrit</language>
      </langUsage>
    </profileDesc>

    <revisionDesc>
      <!-- optional! version history -->
      <change when="2021-10-034" who="#...">record changes in this file here</change>
    </revisionDesc>
  </teiHeader>

  <text>
    <body>
      <pb ed="A" n="418"
        facs="../images/Shrisena_dpal_gyi_sde_lam_rim/Shrisena_dpal_gyi_sde_lam_rim_Page_1.jpeg"/>
      <pb ed="A" n="419"
        facs="../images/Shrisena_dpal_gyi_sde_lam_rim/Shrisena_dpal_gyi_sde_lam_rim_Page_2.jpeg"/>
      <pb ed="A" n="420"
        facs="../images/Shrisena_dpal_gyi_sde_lam_rim/Shrisena_dpal_gyi_sde_lam_rim_Page_3.jpeg"/>
      <pb ed="A" n="421"
        facs="../images/Shrisena_dpal_gyi_sde_lam_rim/Shrisena_dpal_gyi_sde_lam_rim_Page_4.jpeg"/>
      <pb ed="A" n="422"
        facs="../images/Shrisena_dpal_gyi_sde_lam_rim/Shrisena_dpal_gyi_sde_lam_rim_Page_5.jpeg"/>
      <pb ed="A" n="423"
        facs="../images/Shrisena_dpal_gyi_sde_lam_rim/Shrisena_dpal_gyi_sde_lam_rim_Page_6.jpeg"/>
      <pb ed="A" n="424"
        facs="../images/Shrisena_dpal_gyi_sde_lam_rim/Shrisena_dpal_gyi_sde_lam_rim_Page_7.jpeg"/>
      <pb ed="A" n="425"
        facs="../images/Shrisena_dpal_gyi_sde_lam_rim/Shrisena_dpal_gyi_sde_lam_rim_Page_8.jpeg"/>
      <div>
        <p> .....Tibetan text comes here.... <trans>...translated part goes here...</trans>
        </p>
      </div>

    </body>
    <body> </body>
  </text>

</TEI>
